<application>
  <component name="AppStorage">
    <histories>
      <item value="Initializer" />
      <item value="Raw Var" />
      <item value="Indicates one or more {@link Configuration @Configuration} classes to import. * * &lt;p&gt;Provides functionality equivalent to the {@code &lt;import/&gt;} element in Spring XML. * Allows for importing {@code @Configuration} classes, {@link ImportSelector} and * {@link ImportBeanDefinitionRegistrar} implementations, as well as regular component * classes (as of 4.2; analogous to {@link AnnotationConfigApplicationContext#register}). * * &lt;p&gt;{@code @Bean} definitions declared in imported {@code @Configuration} classes should be * accessed by using {@link org.springframework.beans.factory.annotation.Autowired @Autowired} * injection. Either the bean itself can be autowired, or the configuration class instance * declaring the bean can be autowired. The latter approach allows for explicit, IDE-friendly * navigation between {@code @Configuration} class methods. * * &lt;p&gt;May be declared at the class level or as a meta-annotation. * * &lt;p&gt;If XML or other non-{@code @Configuration} bean definition resources need to be * imported, use the {@link ImportResource @ImportResource} annotation instead." />
      <item value="Indicates" />
      <item value="Hierarchical" />
      <item value="Revert" />
      <item value="Revert&#10;" />
      <item value="File type recognized: File extension *.proto was reassigned to PROTO Revert" />
      <item value="reassigned" />
      <item value="Delegate" />
      <item value="elegate" />
      <item value="obtain" />
      <item value="Objenesis" />
      <item value="Instantiation" />
      <item value="Any AspectJ annotated classes will automatically be recognized, and their * advice applied if Spring AOP's proxy-based model is capable of applying it. * This covers method execution joinpoints." />
      <item value="expose" />
      <item value="eligible" />
      <item value="candidate" />
      <item value="Explicit" />
      <item value="calculate Capacity" />
      <item value="ensure Explicit Capacity" />
      <item value="Listable" />
      <item value="Abstract Application Context" />
      <item value="Instant" />
      <item value="huge" />
      <item value="grow" />
      <item value="audit" />
      <item value="Audit" />
      <item value="TREEIFY" />
      <item value="Identity" />
      <item value="Most class names will be quite long, considering that they // SHOULD sit in a package, so a length check is worthwhile." />
      <item value="quite" />
      <item value="Primitive" />
      <item value="Aware" />
      <item value="Failure Analyzers" />
      <item value="Failure" />
      <item value="Analyzers" />
      <item value="deduce" />
      <item value="INDICATOR" />
      <item value="Deprecated" />
      <item value="attempted" />
      <item value="claimed Overdue Connection Count" />
      <item value="oldest" />
      <item value="pop" />
      <item value="expected" />
      <item value="park" />
      <item value="Absent" />
      <item value="if true, don't change existing value" />
      <item value="if false, the table is in creation mode" />
      <item value="aka" />
    </histories>
    <option name="languageScores">
      <map>
        <entry key="CHINESE" value="136" />
        <entry key="ENGLISH" value="137" />
        <entry key="FRENCH" value="1" />
        <entry key="CORSICAN" value="1" />
        <entry key="ROMANIAN" value="1" />
        <entry key="ITALIAN" value="2" />
      </map>
    </option>
  </component>
  <component name="Settings">
    <option name="baiduTranslateSettings">
      <app-key>
        <option name="primaryLanguage" value="CHINESE" />
      </app-key>
    </option>
    <option name="googleTranslateSettings">
      <google-translate>
        <option name="useTranslateGoogleCom" value="false" />
      </google-translate>
    </option>
    <option name="youdaoTranslateSettings">
      <youdao-translate>
        <option name="primaryLanguage" value="AUTO" />
      </youdao-translate>
    </option>
  </component>
</application>